id,user_id,emulator_id,ip,phone_number,country_code,city,country,vpn_provider,sms_provider,result,error_message,device_type,os_version,timestamp,emulator_time,activation_country_time,vpn_country_time,failure_reason,cost
1,emp123,emu456,192.168.1.1,1234567890,113,,,,SMS Activate,1,,mobile,android_10,2024-05-28 08:45:31.120000+00:00,,,,,0.0
2,a43085dd-1185-4e42-87a7-54dc9c866d45,46d1c824-f1aa-42a3-8e15-7f22eb3a0ceb,218.149.176.0,4092895529,105,Castillomouth,San Marino,"Walker, Moore and Mccoy",SMS Activate,0,Allow visit in artist away responsibility.,desktop,ios_14,2024-04-11 12:27:58+00:00,2024-01-24 03:11:34+00:00,2024-03-27 20:34:27+00:00,2024-01-24 22:07:27+00:00,Age risk final city.,88.47
3,a43085dd-1185-4e42-87a7-54dc9c866d45,46d1c824-f1aa-42a3-8e15-7f22eb3a0ceb,162.1.176.92,892-487-5446x86837,66,Whitakerside,Serbia,Davis PLC,SMS Activate,0,Thousand development word ask up.,tablet,windows_10,2024-02-19 01:31:58+00:00,2024-03-20 17:57:28+00:00,2024-01-25 14:57:33+00:00,2024-05-20 15:18:19+00:00,Character continue line thus without cover sit onto.,58.54
4,a43085dd-1185-4e42-87a7-54dc9c866d45,46d1c824-f1aa-42a3-8e15-7f22eb3a0ceb,78.242.181.21,(919)232-5767x1118,81,Elizabethborough,Somalia,"Johns, Stokes and Wyatt",SMS Activate,1,,desktop,windows_10,2024-01-28 02:07:41+00:00,2024-03-31 00:46:18+00:00,2024-02-29 04:16:26+00:00,2024-02-10 22:47:03+00:00,,15.17
5,a43085dd-1185-4e42-87a7-54dc9c866d45,46d1c824-f1aa-42a3-8e15-7f22eb3a0ceb,199.226.156.210,(976)222-0433,114,South Virginiashire,Tokelau,Lee-Scott,SMS Activate,0,Huge again decide enough trip.,mobile,ios_14,2024-02-25 00:34:11+00:00,2024-04-03 02:06:22+00:00,2024-03-01 01:25:08+00:00,2024-02-24 05:12:56+00:00,Strong they western ok little score.,91.2
6,a43085dd-1185-4e42-87a7-54dc9c866d45,46d1c824-f1aa-42a3-8e15-7f22eb3a0ceb,194.217.41.7,001-206-939-6660x6084,40,Katherineborough,Nauru,Campbell Ltd,SMS Activate,1,,desktop,windows_10,2024-05-22 05:10:50+00:00,2024-04-17 01:30:14+00:00,2024-05-04 05:50:54+00:00,2024-03-17 01:30:02+00:00,,2.86
7,382e852d-9d6a-4560-b121-6ebce55616b1,f5c55895-dcf1-43a1-8627-57526356480e,2.51.24.174,683-979-1006x026,116,South Peggyshire,Netherlands,"Collins, Park and Russell",SMS Activate,1,,tablet,android_10,2024-03-21 14:58:01+00:00,2024-02-04 07:25:31+00:00,2024-02-22 19:55:01+00:00,2024-02-07 21:14:16+00:00,,31.26
8,382e852d-9d6a-4560-b121-6ebce55616b1,f5c55895-dcf1-43a1-8627-57526356480e,80.123.105.151,001-892-865-6283,3,Carolineville,Syrian Arab Republic,Berry PLC,SMS Activate,0,Fear easy the ok everyone brother visit.,mobile,ios_14,2024-01-10 03:50:53+00:00,2024-01-03 13:44:43+00:00,2024-04-12 14:54:12+00:00,2024-02-23 16:09:54+00:00,Act public finally system goal.,37.11
9,382e852d-9d6a-4560-b121-6ebce55616b1,f5c55895-dcf1-43a1-8627-57526356480e,179.220.12.102,414-653-0053,26,South Brianna,Western Sahara,Henderson-Richards,SMS Activate,1,,desktop,windows_10,2024-02-26 05:33:47+00:00,2024-02-12 03:03:39+00:00,2024-04-11 19:13:08+00:00,2024-02-17 00:36:42+00:00,,82.0
10,382e852d-9d6a-4560-b121-6ebce55616b1,f5c55895-dcf1-43a1-8627-57526356480e,176.23.17.164,(370)655-6717x677,97,Deborahborough,Ukraine,Sullivan LLC,SMS Activate,1,,mobile,android_10,2024-02-16 18:57:14+00:00,2024-04-23 02:56:18+00:00,2024-04-28 11:07:23+00:00,2024-01-29 10:51:47+00:00,,98.49
11,382e852d-9d6a-4560-b121-6ebce55616b1,f5c55895-dcf1-43a1-8627-57526356480e,35.196.222.38,623-334-2255x4678,35,Port Samanthahaven,Norway,Lee Inc,SMS Activate,1,,tablet,ios_14,2024-02-27 02:42:01+00:00,2024-05-09 07:42:32+00:00,2024-02-09 15:29:18+00:00,2024-02-19 08:44:42+00:00,,84.91
12,cd18b057-7199-44af-b052-d3d3db22e5c5,d1138448-1173-491c-9381-ce2335c7c8ab,109.189.136.203,001-452-742-1583,3,Cruzberg,France,Hampton Inc,SMS Activate,1,,mobile,ios_14,2024-03-05 02:31:52+00:00,2024-03-14 23:57:10+00:00,2024-01-21 12:43:39+00:00,2024-03-21 10:40:06+00:00,,24.98
13,cd18b057-7199-44af-b052-d3d3db22e5c5,d1138448-1173-491c-9381-ce2335c7c8ab,119.6.129.88,273.639.9555x421,68,Lake Erika,Nauru,Rangel and Sons,SMS Activate,0,Possible wrong day score explain charge change.,desktop,android_10,2024-03-29 19:43:52+00:00,2024-05-19 07:08:43+00:00,2024-01-04 02:46:17+00:00,2024-03-30 02:40:56+00:00,Owner list administration push.,2.48
14,cd18b057-7199-44af-b052-d3d3db22e5c5,d1138448-1173-491c-9381-ce2335c7c8ab,128.213.198.13,+1-626-872-0728,34,Evansmouth,Palau,Rowe PLC,SMS Activate,0,Woman test herself growth ok image.,desktop,windows_10,2024-03-22 06:15:12+00:00,2024-04-07 03:23:46+00:00,2024-04-04 09:20:05+00:00,2024-04-02 02:38:09+00:00,General discuss whose make represent.,53.33
15,cd18b057-7199-44af-b052-d3d3db22e5c5,d1138448-1173-491c-9381-ce2335c7c8ab,82.33.207.116,(721)446-7362,68,South Patricia,Tunisia,Gates Group,SMS Activate,1,,tablet,android_10,2024-02-13 17:47:15+00:00,2024-03-12 14:21:13+00:00,2024-05-25 18:15:17+00:00,2024-04-06 11:12:41+00:00,,76.97
16,cd18b057-7199-44af-b052-d3d3db22e5c5,d1138448-1173-491c-9381-ce2335c7c8ab,170.66.29.210,7299074973,69,Martinfort,Namibia,Johnston Inc,SMS Activate,1,,tablet,windows_10,2024-05-20 06:32:36+00:00,2024-04-06 10:57:00+00:00,2024-05-20 13:08:52+00:00,2024-05-14 05:23:29+00:00,,61.64
17,2d892d5c-0141-471b-bd12-62996068e4cd,e9e30084-b5ce-459f-85a7-1ac9472861cc,19.163.4.156,+1-741-303-4624x9827,67,Lorettahaven,Kenya,Harris-Bailey,SMS Activate,1,,desktop,windows_10,2024-02-22 01:22:08+00:00,2024-04-29 13:14:11+00:00,2024-01-20 04:35:54+00:00,2024-03-09 10:28:35+00:00,,81.22
18,2d892d5c-0141-471b-bd12-62996068e4cd,e9e30084-b5ce-459f-85a7-1ac9472861cc,99.89.162.78,528.886.1092x39642,77,North Rickyborough,Christmas Island,"Livingston, Perkins and Potter",SMS Activate,0,Fact cost nature politics.,mobile,ios_14,2024-03-06 12:55:19+00:00,2024-01-30 14:17:36+00:00,2024-01-27 12:21:00+00:00,2024-02-18 23:14:11+00:00,Information another drop executive him under.,82.91
19,2d892d5c-0141-471b-bd12-62996068e4cd,e9e30084-b5ce-459f-85a7-1ac9472861cc,27.86.10.116,+1-898-757-6118x98093,91,Eugenestad,Wallis and Futuna,Dodson-Diaz,SMS Activate,0,Cold know statement seat result available.,desktop,android_10,2024-04-11 20:15:09+00:00,2024-05-10 00:31:30+00:00,2024-03-25 04:51:06+00:00,2024-04-23 03:10:40+00:00,Hair method discover day.,22.07
20,2d892d5c-0141-471b-bd12-62996068e4cd,e9e30084-b5ce-459f-85a7-1ac9472861cc,92.103.11.224,(438)422-0281x5058,66,Dannystad,Singapore,Sutton Group,SMS Activate,1,,desktop,ios_14,2024-03-29 14:26:38+00:00,2024-05-05 23:21:16+00:00,2024-02-05 14:14:00+00:00,2024-03-04 13:10:20+00:00,,81.91
21,2d892d5c-0141-471b-bd12-62996068e4cd,e9e30084-b5ce-459f-85a7-1ac9472861cc,21.89.125.228,+1-573-378-1090,29,Mortonview,Swaziland,Jones Group,SMS Activate,0,North why field feel order.,mobile,windows_10,2024-02-21 23:47:02+00:00,2024-01-16 04:06:27+00:00,2024-04-13 13:42:33+00:00,2024-05-15 20:01:42+00:00,Cold again billion dream force.,33.04
22,22b7670e-3ffc-4b60-8645-018b4af892c2,eb6e18d3-6841-447b-b6f9-b86d03084094,74.32.219.223,(302)844-8099x2405,26,Robertsmouth,El Salvador,Phelps Group,SMS Activate,1,,mobile,ios_14,2024-02-27 16:39:36+00:00,2024-04-15 09:10:11+00:00,2024-02-01 16:05:19+00:00,2024-03-06 16:19:35+00:00,,22.75
23,22b7670e-3ffc-4b60-8645-018b4af892c2,eb6e18d3-6841-447b-b6f9-b86d03084094,129.205.239.128,(996)719-2272,118,Armstrongtown,French Polynesia,Larsen-Cruz,SMS Activate,1,,mobile,ios_14,2024-02-18 01:43:49+00:00,2024-04-30 09:46:48+00:00,2024-03-16 06:12:44+00:00,2024-02-19 09:07:24+00:00,,96.71
24,22b7670e-3ffc-4b60-8645-018b4af892c2,eb6e18d3-6841-447b-b6f9-b86d03084094,188.41.20.153,001-398-653-0461x0723,1,Brandonton,Burkina Faso,Hess LLC,SMS Activate,0,Point third hair.,mobile,ios_14,2024-02-12 16:21:33+00:00,2024-03-29 05:22:58+00:00,2024-03-11 17:37:21+00:00,2024-02-15 04:05:42+00:00,Quality between computer factor into garden instead.,73.88
25,22b7670e-3ffc-4b60-8645-018b4af892c2,eb6e18d3-6841-447b-b6f9-b86d03084094,208.3.133.112,001-832-858-6165,10,Kellyfort,Sri Lanka,May Group,SMS Activate,1,,desktop,ios_14,2024-02-16 02:09:27+00:00,2024-05-07 17:05:10+00:00,2024-03-30 21:05:33+00:00,2024-05-15 14:36:02+00:00,,17.08
26,22b7670e-3ffc-4b60-8645-018b4af892c2,eb6e18d3-6841-447b-b6f9-b86d03084094,114.133.150.108,(253)244-7411x565,14,Kendraberg,Monaco,Robinson Ltd,SMS Activate,0,Nothing score in know organization decision station.,desktop,ios_14,2024-05-09 14:38:30+00:00,2024-01-06 11:59:29+00:00,2024-03-25 04:29:18+00:00,2024-03-10 10:16:12+00:00,Policy check soon consider street as.,81.81
27,cc6dc1b3-9bcf-4769-83fa-5aaf80ba0486,e20cd7d9-5342-4c30-a772-f08c889bd566,126.230.115.242,(598)639-6621x4364,28,Gregoryburgh,Ireland,Butler-Wood,SMS Activate,1,,desktop,ios_14,2024-03-27 13:06:16+00:00,2024-02-29 13:02:20+00:00,2024-02-13 20:55:31+00:00,2024-01-12 20:45:02+00:00,,11.5
28,cc6dc1b3-9bcf-4769-83fa-5aaf80ba0486,e20cd7d9-5342-4c30-a772-f08c889bd566,34.214.38.194,719.857.7308,9,Riosport,Croatia,Hall-Johnson,SMS Activate,0,Spring son believe you.,mobile,ios_14,2024-01-02 21:12:45+00:00,2024-05-13 05:21:43+00:00,2024-04-27 04:10:05+00:00,2024-04-26 12:23:00+00:00,Six soldier leader laugh.,25.8
29,cc6dc1b3-9bcf-4769-83fa-5aaf80ba0486,e20cd7d9-5342-4c30-a772-f08c889bd566,144.248.211.34,735.568.9949x418,27,North Jeanbury,Canada,"Craig, Garcia and Brown",SMS Activate,1,,mobile,android_10,2024-01-25 04:18:08+00:00,2024-02-06 06:55:58+00:00,2024-05-19 17:45:35+00:00,2024-05-10 22:09:26+00:00,,10.79
30,cc6dc1b3-9bcf-4769-83fa-5aaf80ba0486,e20cd7d9-5342-4c30-a772-f08c889bd566,151.164.43.129,784-577-3031x15858,59,South Shelleymouth,Australia,"Mitchell, Oneill and Davis",SMS Activate,0,Water write important.,desktop,ios_14,2024-05-25 15:58:29+00:00,2024-04-28 08:20:34+00:00,2024-03-20 22:41:10+00:00,2024-05-23 10:25:00+00:00,Land media officer.,23.06
31,cc6dc1b3-9bcf-4769-83fa-5aaf80ba0486,e20cd7d9-5342-4c30-a772-f08c889bd566,71.129.23.50,(821)676-0534x2641,28,Lammouth,Benin,Maldonado Group,SMS Activate,0,Participant model history attack.,tablet,ios_14,2024-03-25 08:24:55+00:00,2024-01-09 07:29:03+00:00,2024-05-03 10:06:48+00:00,2024-04-24 16:06:59+00:00,Media term only current spend culture street.,12.87
32,47e50bcd-f7bb-4a40-b3bd-15799fcff555,3cd11906-1a5a-47d5-94ba-0d98dd7ac191,103.204.37.228,519-759-8804x2678,37,Millertown,Indonesia,"Gill, Sanders and Kennedy",SMS Activate,0,Before name general open play.,desktop,android_10,2024-04-30 05:26:04+00:00,2024-04-13 12:50:30+00:00,2024-03-29 20:55:17+00:00,2024-03-10 04:05:44+00:00,Affect watch thus partner cover reveal.,31.95
33,47e50bcd-f7bb-4a40-b3bd-15799fcff555,3cd11906-1a5a-47d5-94ba-0d98dd7ac191,117.188.243.71,+1-791-402-1132x55330,58,Juarezchester,Uruguay,Young and Sons,SMS Activate,0,Alone respond hear realize.,tablet,windows_10,2024-04-21 11:45:11+00:00,2024-01-04 10:00:56+00:00,2024-03-06 19:51:31+00:00,2024-01-26 19:56:56+00:00,What prove focus window.,64.28
34,47e50bcd-f7bb-4a40-b3bd-15799fcff555,3cd11906-1a5a-47d5-94ba-0d98dd7ac191,142.245.45.221,+1-798-282-2494x4269,17,Port Samantha,Bangladesh,Mitchell-Long,SMS Activate,1,,mobile,ios_14,2024-02-10 11:48:58+00:00,2024-01-09 19:09:35+00:00,2023-12-31 21:18:41+00:00,2024-03-23 16:40:44+00:00,,81.11
35,47e50bcd-f7bb-4a40-b3bd-15799fcff555,3cd11906-1a5a-47d5-94ba-0d98dd7ac191,193.26.63.86,001-218-608-4744x268,66,Port Amy,Comoros,Wise-Johnson,SMS Activate,1,,tablet,android_10,2024-05-18 09:49:56+00:00,2024-04-22 03:28:50+00:00,2024-05-19 07:11:56+00:00,2024-01-20 19:14:10+00:00,,33.4
36,47e50bcd-f7bb-4a40-b3bd-15799fcff555,3cd11906-1a5a-47d5-94ba-0d98dd7ac191,161.237.3.123,001-636-888-1272x22351,42,Perkinshaven,Slovenia,Rogers Ltd,SMS Activate,1,,tablet,ios_14,2024-01-20 18:19:05+00:00,2024-02-27 10:46:51+00:00,2024-03-25 13:41:31+00:00,2024-03-22 12:55:42+00:00,,4.99
37,e6407de8-46a1-4aea-8958-8c02a6d2a58a,3911833f-456f-47f8-9615-842eeff9e7cd,20.42.53.235,576-831-0982x3860,41,Port Scottfort,Cameroon,"Moore, Johnson and Smith",SMS Activate,1,,tablet,android_10,2024-03-30 02:20:24+00:00,2024-01-12 06:49:18+00:00,2024-05-08 04:44:46+00:00,2024-05-06 22:55:28+00:00,,36.17
38,e6407de8-46a1-4aea-8958-8c02a6d2a58a,3911833f-456f-47f8-9615-842eeff9e7cd,125.179.99.118,001-866-782-2915x5097,49,Kimberlybury,Egypt,Jackson-Castro,SMS Activate,1,,tablet,windows_10,2024-05-03 21:25:35+00:00,2024-05-22 01:03:44+00:00,2024-04-12 11:07:58+00:00,2024-02-16 18:25:03+00:00,,85.14
39,e6407de8-46a1-4aea-8958-8c02a6d2a58a,3911833f-456f-47f8-9615-842eeff9e7cd,188.97.71.11,974-642-9867x5582,101,West Brittany,Luxembourg,Matthews-Williams,SMS Activate,0,Meeting front cut stop what chance.,mobile,ios_14,2024-04-19 23:25:36+00:00,2024-04-28 12:12:45+00:00,2024-02-28 14:25:39+00:00,2024-03-06 18:23:36+00:00,Stage special interview respond event my along receive.,58.25
40,e6407de8-46a1-4aea-8958-8c02a6d2a58a,3911833f-456f-47f8-9615-842eeff9e7cd,177.140.208.253,(798)765-0188x0342,90,Maryberg,Saudi Arabia,Wheeler-Davidson,SMS Activate,1,,desktop,windows_10,2024-03-23 06:18:13+00:00,2024-01-01 14:10:25+00:00,2024-01-27 19:26:21+00:00,2024-04-05 07:54:33+00:00,,17.62
41,e6407de8-46a1-4aea-8958-8c02a6d2a58a,3911833f-456f-47f8-9615-842eeff9e7cd,194.146.54.202,+1-300-564-8214x87933,62,North Timothyberg,Christmas Island,"Gonzalez, Rich and Flores",SMS Activate,0,Above across alone tree themselves occur.,desktop,android_10,2024-02-20 19:34:22+00:00,2024-03-20 20:59:18+00:00,2024-02-29 03:37:33+00:00,2024-03-05 04:32:24+00:00,Minute guess prevent their type loss.,87.58
42,43933684-15dc-4ad9-be36-a163b661bb9a,02128f0b-98e1-475a-bfe3-485ca7d9d13f,132.56.122.77,7773172596,36,West Donna,Zimbabwe,Swanson-Thompson,SMS Activate,0,Deal parent attack enter newspaper.,mobile,android_10,2024-04-30 20:50:43+00:00,2024-03-30 02:49:12+00:00,2024-01-04 17:27:44+00:00,2024-05-21 00:07:52+00:00,Lot still economic trouble approach others memory.,16.3
43,43933684-15dc-4ad9-be36-a163b661bb9a,02128f0b-98e1-475a-bfe3-485ca7d9d13f,49.15.57.124,948-319-0570x9842,82,Lewismouth,British Indian Ocean Territory (Chagos Archipelago),Morrison-Hale,SMS Activate,1,,mobile,ios_14,2024-04-20 01:42:40+00:00,2024-02-14 06:14:09+00:00,2024-05-09 09:56:41+00:00,2024-01-27 14:08:00+00:00,,0.38
44,43933684-15dc-4ad9-be36-a163b661bb9a,02128f0b-98e1-475a-bfe3-485ca7d9d13f,131.53.19.178,403.792.5527x545,50,Chelseyville,Niue,Brown LLC,SMS Activate,0,Room way improve girl professional.,mobile,ios_14,2024-05-05 17:00:16+00:00,2024-02-23 06:11:44+00:00,2024-05-02 10:25:51+00:00,2024-01-22 10:22:58+00:00,Six site member building generation local.,66.39
45,43933684-15dc-4ad9-be36-a163b661bb9a,02128f0b-98e1-475a-bfe3-485ca7d9d13f,160.136.214.34,493-219-2272x940,21,West Catherineview,Aruba,Mcconnell-Hawkins,SMS Activate,0,Serve determine institution industry keep.,mobile,android_10,2024-02-05 18:51:56+00:00,2024-04-24 08:05:49+00:00,2024-03-04 12:15:51+00:00,2024-04-26 19:23:04+00:00,Eight most letter story citizen stop.,29.06
46,43933684-15dc-4ad9-be36-a163b661bb9a,02128f0b-98e1-475a-bfe3-485ca7d9d13f,160.58.148.66,(833)751-0304x4215,75,Molinaville,Uganda,Perkins Inc,SMS Activate,1,,desktop,android_10,2024-03-09 03:40:47+00:00,2024-02-13 19:52:39+00:00,2024-03-11 12:08:50+00:00,2024-05-15 07:04:38+00:00,,58.65
47,b30e71fe-a58c-4b96-ae96-6211c1f866cb,d633184d-a620-4b99-b7b5-33cb9c7c0681,78.160.160.225,(758)876-1137,89,Rachelberg,Yemen,Bryant Inc,SMS Activate,0,Animal charge mission nor science through.,desktop,ios_14,2024-03-24 12:44:21+00:00,2024-02-15 19:25:46+00:00,2024-01-16 07:54:02+00:00,2024-01-15 14:22:45+00:00,Bad assume group especially day.,17.12
48,b30e71fe-a58c-4b96-ae96-6211c1f866cb,d633184d-a620-4b99-b7b5-33cb9c7c0681,63.4.137.13,(858)472-5170x62963,70,Valerieside,Hungary,Harvey-Martinez,SMS Activate,0,Conference subject forget develop decide.,mobile,windows_10,2024-05-20 16:13:08+00:00,2024-05-02 21:54:27+00:00,2024-01-24 14:35:41+00:00,2024-03-12 20:40:09+00:00,Room life our decide first act admit.,78.99
49,b30e71fe-a58c-4b96-ae96-6211c1f866cb,d633184d-a620-4b99-b7b5-33cb9c7c0681,141.34.117.200,(604)442-8891,95,New Michellemouth,Madagascar,Parsons-Gonzales,SMS Activate,1,,tablet,ios_14,2024-05-12 15:53:52+00:00,2024-05-12 22:25:31+00:00,2024-01-16 01:12:05+00:00,2024-03-28 10:54:00+00:00,,18.5
50,b30e71fe-a58c-4b96-ae96-6211c1f866cb,d633184d-a620-4b99-b7b5-33cb9c7c0681,87.24.81.124,001-723-829-1607x45033,110,New Amanda,Thailand,"Williams, Fisher and Morris",SMS Activate,0,Nice adult just one space something year.,tablet,windows_10,2024-05-22 06:40:22+00:00,2024-01-28 06:34:58+00:00,2024-01-06 23:28:13+00:00,2024-05-18 20:44:55+00:00,Window case girl minute.,6.37
51,b30e71fe-a58c-4b96-ae96-6211c1f866cb,d633184d-a620-4b99-b7b5-33cb9c7c0681,122.245.112.139,211-229-6096x67631,33,Gibbsstad,Congo,"Ellis, Mcgee and Owen",SMS Activate,0,Occur mother not radio civil rest degree result.,mobile,ios_14,2024-05-27 23:14:05+00:00,2024-02-19 21:57:22+00:00,2024-04-25 09:34:52+00:00,2024-04-09 18:12:51+00:00,Hope lay then experience tonight.,90.59
52,d6c45a9f-1854-44c0-bad1-d64469a5cf65,ed6ab8ec-a707-4581-a53f-2f1fe3316122,77.253.214.109,576.838.1295x19591,10,Lake Alison,United States Virgin Islands,Pierce-Foster,SMS Activate,0,North win believe speech.,desktop,windows_10,2024-02-21 12:41:17+00:00,2024-05-23 10:57:11+00:00,2024-01-27 03:26:16+00:00,2024-03-09 06:55:22+00:00,Present music wrong give lead play.,37.83
53,d6c45a9f-1854-44c0-bad1-d64469a5cf65,ed6ab8ec-a707-4581-a53f-2f1fe3316122,157.229.34.52,(660)281-5696x059,89,Gregoryshire,Brazil,Crawford Ltd,SMS Activate,0,Bag free pressure stock national alone actually during.,mobile,windows_10,2024-01-21 12:04:09+00:00,2024-05-02 11:43:29+00:00,2024-03-04 18:11:56+00:00,2024-01-09 21:24:47+00:00,Particularly forward stay PM throw tell coach.,27.69
54,d6c45a9f-1854-44c0-bad1-d64469a5cf65,ed6ab8ec-a707-4581-a53f-2f1fe3316122,54.234.168.101,582.436.5538x1861,23,South Alexa,Micronesia,"Barnes, Farley and Salas",SMS Activate,1,,desktop,android_10,2024-04-24 01:52:48+00:00,2024-04-10 00:32:33+00:00,2024-04-10 15:07:43+00:00,2024-04-12 12:40:06+00:00,,47.27
55,d6c45a9f-1854-44c0-bad1-d64469a5cf65,ed6ab8ec-a707-4581-a53f-2f1fe3316122,106.128.160.245,812-400-3775x59212,80,Jamesside,Panama,Lester and Sons,SMS Activate,1,,desktop,windows_10,2024-05-04 21:39:39+00:00,2024-02-24 16:23:59+00:00,2024-04-23 09:26:37+00:00,2024-03-31 15:35:38+00:00,,79.35
56,d6c45a9f-1854-44c0-bad1-d64469a5cf65,ed6ab8ec-a707-4581-a53f-2f1fe3316122,148.10.69.249,310-503-5525x38789,69,Crystalmouth,Benin,"Ramirez, Padilla and Brewer",SMS Activate,0,Record place even party system part.,desktop,ios_14,2024-02-15 08:07:15+00:00,2024-05-04 03:18:52+00:00,2024-01-31 08:11:56+00:00,2024-02-03 02:06:23+00:00,Cause win land street standard during.,32.35
57,0a7b3342-feb6-4b11-9c4a-23707e81a9ed,38b95896-3df8-4441-bbdf-ea60c92deff7,81.149.20.251,001-435-932-3145x7551,67,Maldonadoburgh,Equatorial Guinea,Cooper-Porter,SMS Activate,1,,mobile,ios_14,2024-03-14 00:49:47+00:00,2024-02-21 07:37:56+00:00,2024-02-23 00:01:35+00:00,2024-01-31 03:53:13+00:00,,73.0
58,0a7b3342-feb6-4b11-9c4a-23707e81a9ed,38b95896-3df8-4441-bbdf-ea60c92deff7,73.198.86.246,(572)271-0848x3572,101,Nelsonville,Niger,"Smith, Hill and Johnson",SMS Activate,0,Likely model smile military happy work.,tablet,ios_14,2024-01-18 22:47:36+00:00,2024-02-04 16:50:03+00:00,2024-01-30 16:15:45+00:00,2024-05-24 16:38:04+00:00,Ready task every early where.,84.94
59,0a7b3342-feb6-4b11-9c4a-23707e81a9ed,38b95896-3df8-4441-bbdf-ea60c92deff7,129.49.209.82,(229)830-6934,6,Spencermouth,Chile,"Thompson, Jensen and Williams",SMS Activate,0,Word old send voice less our age.,mobile,windows_10,2024-03-07 17:43:48+00:00,2024-02-25 11:23:32+00:00,2024-01-26 17:50:13+00:00,2024-03-28 07:08:22+00:00,Possible fish energy from scene.,53.77
60,0a7b3342-feb6-4b11-9c4a-23707e81a9ed,38b95896-3df8-4441-bbdf-ea60c92deff7,104.224.71.25,515-802-4756,16,North Lisa,Liberia,Boyer Group,SMS Activate,1,,tablet,ios_14,2024-01-15 22:01:54+00:00,2024-04-12 02:30:25+00:00,2024-02-07 15:22:42+00:00,2024-03-15 20:42:53+00:00,,16.75
61,0a7b3342-feb6-4b11-9c4a-23707e81a9ed,38b95896-3df8-4441-bbdf-ea60c92deff7,164.170.163.165,645-589-6786x9534,2,Port Kendra,Micronesia,Johnson PLC,SMS Activate,0,Seem late large.,tablet,windows_10,2024-02-26 06:20:57+00:00,2024-02-28 02:23:38+00:00,2024-02-29 08:46:15+00:00,2024-03-19 04:57:46+00:00,Pretty girl bit per his hold.,81.16
62,366c2408-757f-4e1b-ad1a-011e44556d10,41650e11-7baf-4beb-aa07-99da8776cb3c,223.81.14.202,+1-849-286-4290x7029,56,West Alexisborough,Indonesia,"Perez, Jackson and Rojas",SMS Activate,1,,tablet,windows_10,2024-05-17 05:45:05+00:00,2024-05-27 17:10:06+00:00,2024-05-12 20:57:15+00:00,2024-03-05 20:33:43+00:00,,75.21
63,366c2408-757f-4e1b-ad1a-011e44556d10,41650e11-7baf-4beb-aa07-99da8776cb3c,203.230.202.173,761-381-3770,54,Hallstad,Monaco,Griffin and Sons,SMS Activate,0,Discuss opportunity since north.,mobile,ios_14,2024-05-04 15:44:56+00:00,2024-01-08 16:07:42+00:00,2024-01-15 13:16:22+00:00,2024-04-04 19:32:07+00:00,Degree together almost rise site very.,87.81
64,366c2408-757f-4e1b-ad1a-011e44556d10,41650e11-7baf-4beb-aa07-99da8776cb3c,143.16.96.90,477-319-7607,48,South Georgeton,Nepal,Douglas Group,SMS Activate,1,,desktop,android_10,2024-03-09 10:19:46+00:00,2024-03-17 02:18:06+00:00,2024-04-01 13:08:10+00:00,2024-02-19 13:03:48+00:00,,35.04
65,366c2408-757f-4e1b-ad1a-011e44556d10,41650e11-7baf-4beb-aa07-99da8776cb3c,144.221.203.141,(752)370-0332x251,61,Amandamouth,Niger,Smith Ltd,SMS Activate,0,Lawyer where herself open third.,mobile,ios_14,2024-01-07 04:54:22+00:00,2024-02-09 13:45:53+00:00,2024-02-15 21:55:49+00:00,2024-03-20 06:27:12+00:00,Relationship party we name east arm.,18.55
66,366c2408-757f-4e1b-ad1a-011e44556d10,41650e11-7baf-4beb-aa07-99da8776cb3c,178.41.188.252,(911)590-4321,51,Reynoldsshire,Mozambique,Hughes Group,SMS Activate,0,Five century difference although yard push.,tablet,ios_14,2024-03-15 12:04:22+00:00,2024-02-18 10:35:09+00:00,2024-04-21 21:21:51+00:00,2024-04-26 12:57:58+00:00,Two adult serve amount relationship job.,33.53
67,2c260bd1-f566-45ab-b7d1-5e51ed837b71,b487b52a-de01-4efc-8a93-e49c3703c760,49.178.205.126,(594)786-0409,108,Whiteton,China,Lewis PLC,SMS Activate,0,Worker including school ever could true choice.,desktop,android_10,2024-02-08 20:01:17+00:00,2024-04-22 04:13:31+00:00,2024-02-09 04:40:29+00:00,2024-04-19 06:11:57+00:00,Within first worker car bed.,60.45
68,2c260bd1-f566-45ab-b7d1-5e51ed837b71,b487b52a-de01-4efc-8a93-e49c3703c760,60.216.182.202,201.525.9213,31,New Christopherstad,Argentina,"Burton, Esparza and Schwartz",SMS Activate,0,Argue wear commercial few study base card.,tablet,ios_14,2024-02-11 02:22:56+00:00,2024-01-21 13:30:30+00:00,2024-01-26 06:05:28+00:00,2024-03-15 19:02:29+00:00,Pretty final each picture medical go.,58.57
69,2c260bd1-f566-45ab-b7d1-5e51ed837b71,b487b52a-de01-4efc-8a93-e49c3703c760,107.226.142.156,996.706.6883x1665,13,South Clintonton,Korea,Schneider-Richardson,SMS Activate,1,,tablet,ios_14,2024-04-29 12:02:09+00:00,2024-01-02 20:08:07+00:00,2024-02-01 11:30:04+00:00,2024-03-05 04:04:18+00:00,,47.62
70,2c260bd1-f566-45ab-b7d1-5e51ed837b71,b487b52a-de01-4efc-8a93-e49c3703c760,58.9.54.78,2429807505,103,Scottstad,French Guiana,"Mckenzie, Jones and Frank",SMS Activate,0,Adult thus together true bed.,mobile,windows_10,2024-03-19 03:09:44+00:00,2024-05-21 13:37:45+00:00,2024-03-20 13:04:04+00:00,2024-05-19 19:32:28+00:00,Here laugh central my table beyond room.,14.48
71,2c260bd1-f566-45ab-b7d1-5e51ed837b71,b487b52a-de01-4efc-8a93-e49c3703c760,28.84.228.159,397-905-5608,85,Ericshire,El Salvador,Patterson Group,SMS Activate,0,Usually them upon easy single.,tablet,windows_10,2024-05-06 15:36:51+00:00,2024-05-25 05:19:55+00:00,2024-04-09 10:12:09+00:00,2024-05-22 01:43:14+00:00,Window soon thus election make plan.,73.48
72,06a8e2e4-e3ee-413d-8d84-7cc179862067,b9f9f339-b425-4982-9234-d6176b0f0351,152.122.86.255,(838)726-1705x0910,15,Johnsonmouth,Guam,Wilkerson-White,SMS Activate,1,,tablet,ios_14,2024-04-30 10:12:20+00:00,2024-04-04 14:42:55+00:00,2024-02-06 22:30:28+00:00,2024-05-11 04:29:24+00:00,,41.72
73,06a8e2e4-e3ee-413d-8d84-7cc179862067,b9f9f339-b425-4982-9234-d6176b0f0351,111.45.94.237,(473)995-9054,6,Williamsborough,Tokelau,"Robles, Welch and Moore",SMS Activate,1,,desktop,windows_10,2024-02-06 16:25:59+00:00,2024-03-28 01:52:07+00:00,2024-02-12 07:47:09+00:00,2024-01-05 11:45:34+00:00,,29.58
74,06a8e2e4-e3ee-413d-8d84-7cc179862067,b9f9f339-b425-4982-9234-d6176b0f0351,38.56.4.155,(689)772-3441,98,East Reginald,Cayman Islands,Meyer-Garcia,SMS Activate,0,Note reveal agreement tonight.,desktop,windows_10,2024-02-26 19:48:56+00:00,2024-04-13 19:49:44+00:00,2024-02-27 12:00:03+00:00,2024-05-28 05:45:43+00:00,What law change section middle accept social himself.,34.42
75,06a8e2e4-e3ee-413d-8d84-7cc179862067,b9f9f339-b425-4982-9234-d6176b0f0351,29.167.202.4,233.950.3174x4068,78,West Corey,Australia,"Jacobs, Villarreal and Morales",SMS Activate,0,Few window late ready.,desktop,ios_14,2024-01-18 05:31:48+00:00,2024-05-13 07:14:31+00:00,2024-01-03 09:07:43+00:00,2024-03-31 23:06:03+00:00,Writer understand idea onto low plan.,41.79
76,06a8e2e4-e3ee-413d-8d84-7cc179862067,b9f9f339-b425-4982-9234-d6176b0f0351,184.47.26.139,(764)342-6876x4711,111,Sarahmouth,Bangladesh,"Lane, Holland and David",SMS Activate,1,,desktop,android_10,2024-03-11 19:43:33+00:00,2024-01-20 16:30:13+00:00,2024-05-15 07:33:14+00:00,2024-04-21 02:26:27+00:00,,33.97
77,a2b83c9c-9085-4c61-b0df-78449648adc5,13fb2699-69f1-457c-89b9-3c1f55d1a9f6,8.109.36.78,865.204.2748,91,North Shannonberg,Lithuania,Sullivan PLC,SMS Activate,0,Expert sport nor ok young serious.,mobile,windows_10,2024-05-02 06:22:26+00:00,2024-02-14 01:47:10+00:00,2024-03-01 05:50:27+00:00,2024-05-15 03:48:14+00:00,Can little take office relate arrive opportunity.,95.59
78,a2b83c9c-9085-4c61-b0df-78449648adc5,13fb2699-69f1-457c-89b9-3c1f55d1a9f6,209.189.126.37,+1-297-356-7507,5,South Christopherland,Kyrgyz Republic,"Brown, Moore and Melton",SMS Activate,1,,desktop,windows_10,2024-05-25 04:43:06+00:00,2024-01-18 15:16:05+00:00,2024-05-26 13:14:31+00:00,2024-04-11 12:37:44+00:00,,13.79
79,a2b83c9c-9085-4c61-b0df-78449648adc5,13fb2699-69f1-457c-89b9-3c1f55d1a9f6,105.230.207.239,001-401-913-2448,2,Smithside,Costa Rica,Choi-Saunders,SMS Activate,1,,desktop,windows_10,2024-02-25 20:44:16+00:00,2024-01-30 13:25:49+00:00,2024-05-17 15:16:30+00:00,2024-01-19 13:23:27+00:00,,81.42
80,a2b83c9c-9085-4c61-b0df-78449648adc5,13fb2699-69f1-457c-89b9-3c1f55d1a9f6,166.229.162.93,912.382.8559x148,73,South Emily,Slovenia,Hunt and Sons,SMS Activate,1,,tablet,windows_10,2024-02-28 15:41:08+00:00,2024-01-02 02:43:41+00:00,2024-04-09 17:25:19+00:00,2024-03-20 17:53:30+00:00,,45.47
81,a2b83c9c-9085-4c61-b0df-78449648adc5,13fb2699-69f1-457c-89b9-3c1f55d1a9f6,19.58.213.182,557.541.4847,66,Lake Mark,Saint Martin,Brown-Kelley,SMS Activate,0,Up though feeling somebody rule.,desktop,android_10,2024-05-23 15:09:03+00:00,2024-02-26 05:59:59+00:00,2024-03-15 18:45:14+00:00,2024-02-05 10:23:25+00:00,Environmental player own green leg leave everything.,14.33
82,de17dd6e-f71c-4401-870f-bd0ce60aac2e,51117fb4-2f88-44e3-aba8-f9468150bcad,79.249.35.157,+1-816-485-3200,117,South Allen,American Samoa,"Hanson, Wells and Robbins",SMS Activate,0,The pay defense speak beat.,tablet,ios_14,2024-03-04 19:49:53+00:00,2024-05-10 05:13:26+00:00,2024-05-16 10:45:45+00:00,2024-01-19 16:01:46+00:00,Home choice put decision degree race woman.,83.39
83,de17dd6e-f71c-4401-870f-bd0ce60aac2e,51117fb4-2f88-44e3-aba8-f9468150bcad,46.161.71.87,493-512-7298,63,Andrewhaven,Marshall Islands,"Meyer, Nicholson and Mitchell",SMS Activate,1,,desktop,windows_10,2024-01-01 18:27:04+00:00,2024-05-12 12:19:12+00:00,2024-01-08 20:17:16+00:00,2024-01-07 00:12:19+00:00,,81.41
84,de17dd6e-f71c-4401-870f-bd0ce60aac2e,51117fb4-2f88-44e3-aba8-f9468150bcad,29.26.59.214,(243)713-6803x43110,114,West Joshua,Saint Pierre and Miquelon,Watkins and Sons,SMS Activate,0,Fact however difference above catch over.,mobile,windows_10,2024-05-25 02:04:08+00:00,2024-04-07 09:00:38+00:00,2024-01-02 01:46:40+00:00,2024-04-11 12:34:23+00:00,Affect cold court southern according.,53.01
85,de17dd6e-f71c-4401-870f-bd0ce60aac2e,51117fb4-2f88-44e3-aba8-f9468150bcad,62.12.193.188,+1-230-636-9700,99,Lisaton,Brunei Darussalam,Roberson Ltd,SMS Activate,1,,tablet,windows_10,2024-02-12 04:37:26+00:00,2024-03-18 21:58:53+00:00,2024-03-17 02:49:13+00:00,2024-01-24 16:10:36+00:00,,60.07
86,de17dd6e-f71c-4401-870f-bd0ce60aac2e,51117fb4-2f88-44e3-aba8-f9468150bcad,2.51.75.39,771.871.9125,102,South David,Cook Islands,"Vaughan, Munoz and Reid",SMS Activate,0,Spring couple management feeling break view.,tablet,ios_14,2024-05-24 12:40:03+00:00,2024-03-21 21:29:28+00:00,2024-04-11 23:30:16+00:00,2024-04-17 06:44:56+00:00,Floor move attention indeed expert too bad.,65.01
87,f174d338-9088-465f-8937-1c8e2817a4e8,c50f19a2-6ede-4b59-9ce9-80dae023c007,39.25.206.148,(699)253-2950x9925,65,Ashleyland,Congo,"Rose, Glenn and Oneal",SMS Activate,0,Ready save sure citizen surface.,tablet,windows_10,2024-05-01 08:47:25+00:00,2024-03-09 00:49:10+00:00,2024-05-16 03:30:36+00:00,2024-03-12 00:29:08+00:00,Conference none picture mean.,13.2
88,f174d338-9088-465f-8937-1c8e2817a4e8,c50f19a2-6ede-4b59-9ce9-80dae023c007,35.237.125.197,(538)268-1167,12,North Kara,Belgium,"Orr, Johnson and Moss",SMS Activate,0,Subject board government between rate.,tablet,windows_10,2024-01-25 00:53:18+00:00,2024-05-12 00:32:53+00:00,2024-04-14 19:45:00+00:00,2024-03-19 05:56:45+00:00,World check attention accept trouble enough.,49.65
89,f174d338-9088-465f-8937-1c8e2817a4e8,c50f19a2-6ede-4b59-9ce9-80dae023c007,59.231.176.184,+1-881-886-8685,108,Kimberlyshire,Croatia,Sanchez-Kane,SMS Activate,1,,tablet,ios_14,2024-02-16 22:39:56+00:00,2024-05-05 21:48:10+00:00,2024-01-06 14:25:05+00:00,2024-03-06 07:20:58+00:00,,62.7
90,f174d338-9088-465f-8937-1c8e2817a4e8,c50f19a2-6ede-4b59-9ce9-80dae023c007,69.103.228.141,(372)932-8126,15,Haleymouth,Comoros,"Brady, Fuller and Benton",SMS Activate,0,Board information north fund how.,mobile,android_10,2024-05-27 06:20:07+00:00,2024-05-20 08:37:26+00:00,2024-01-27 06:37:44+00:00,2024-01-25 15:02:50+00:00,Skill Mr service where large.,86.56
91,f174d338-9088-465f-8937-1c8e2817a4e8,c50f19a2-6ede-4b59-9ce9-80dae023c007,31.58.135.53,425-388-0781x853,14,Laurieville,Turkmenistan,"Brown, Phillips and Yoder",SMS Activate,0,Arrive impact article care.,mobile,ios_14,2024-02-18 11:13:47+00:00,2024-01-25 00:13:00+00:00,2024-03-19 13:57:08+00:00,2024-04-04 00:04:06+00:00,Ready among single wall today state financial weight.,72.04
92,cb9a6945-6bfe-4253-a052-04f2aae7078f,807166cf-4fa5-4acd-9bd1-129024c933e1,92.161.252.72,336.805.5545x040,57,North Michael,Bhutan,"Morrison, Berry and Arnold",SMS Activate,1,,desktop,windows_10,2024-02-09 16:46:36+00:00,2024-02-09 22:30:38+00:00,2024-04-07 04:59:41+00:00,2024-04-04 01:49:08+00:00,,15.82
93,cb9a6945-6bfe-4253-a052-04f2aae7078f,807166cf-4fa5-4acd-9bd1-129024c933e1,186.143.182.37,001-584-652-6436x23916,53,Elizabethfort,British Virgin Islands,"Cowan, King and Adams",SMS Activate,0,Down realize accept card policy.,mobile,android_10,2024-03-20 17:09:03+00:00,2024-05-20 09:03:52+00:00,2024-03-21 15:17:40+00:00,2024-01-23 22:17:25+00:00,Hit son policy down.,64.42
94,cb9a6945-6bfe-4253-a052-04f2aae7078f,807166cf-4fa5-4acd-9bd1-129024c933e1,172.240.225.43,660-398-2996,47,Hicksstad,South Georgia and the South Sandwich Islands,Forbes-Ryan,SMS Activate,1,,tablet,android_10,2024-03-14 08:43:35+00:00,2024-01-26 22:49:10+00:00,2024-02-27 21:58:49+00:00,2024-05-14 11:48:59+00:00,,37.19
95,cb9a6945-6bfe-4253-a052-04f2aae7078f,807166cf-4fa5-4acd-9bd1-129024c933e1,54.155.200.225,969-548-2102,66,Vincenttown,Samoa,Allen-Allen,SMS Activate,1,,mobile,ios_14,2024-02-05 21:37:41+00:00,2024-02-14 04:23:09+00:00,2024-04-03 21:26:02+00:00,2024-04-12 01:41:53+00:00,,0.21
96,cb9a6945-6bfe-4253-a052-04f2aae7078f,807166cf-4fa5-4acd-9bd1-129024c933e1,93.14.234.90,001-826-837-3992x2773,26,South Jamieview,Papua New Guinea,Terrell-Arellano,SMS Activate,1,,desktop,windows_10,2024-03-15 17:54:33+00:00,2024-02-09 12:50:32+00:00,2024-04-25 05:44:32+00:00,2024-03-23 21:20:47+00:00,,15.92
97,4ac6dc1e-c9fe-44fe-9870-c0cb21f6c96b,28e210da-e72c-4294-b072-40694df7ef84,114.221.3.25,(427)751-5476x28362,71,New Donald,Singapore,Barrett PLC,SMS Activate,1,,tablet,windows_10,2024-04-29 03:14:20+00:00,2024-04-13 21:59:00+00:00,2024-03-19 11:07:23+00:00,2024-05-03 10:37:51+00:00,,24.86
98,4ac6dc1e-c9fe-44fe-9870-c0cb21f6c96b,28e210da-e72c-4294-b072-40694df7ef84,52.173.105.115,712-859-4678,66,Pattonmouth,Mali,"Parker, Warren and Watson",SMS Activate,1,,mobile,ios_14,2024-03-17 07:40:19+00:00,2024-03-16 22:55:11+00:00,2024-05-25 12:09:13+00:00,2024-05-15 22:52:00+00:00,,2.12
99,4ac6dc1e-c9fe-44fe-9870-c0cb21f6c96b,28e210da-e72c-4294-b072-40694df7ef84,31.124.197.11,635-989-7323,100,Larsonmouth,Libyan Arab Jamahiriya,"Rodriguez, Taylor and Parker",SMS Activate,1,,tablet,windows_10,2024-02-13 23:07:22+00:00,2024-01-30 04:23:28+00:00,2024-03-09 16:12:21+00:00,2024-03-13 12:54:11+00:00,,75.74
100,4ac6dc1e-c9fe-44fe-9870-c0cb21f6c96b,28e210da-e72c-4294-b072-40694df7ef84,13.218.34.219,827-810-6690x89343,12,West Hannahshire,Wallis and Futuna,"Wright, Mason and Lopez",SMS Activate,0,Star visit soldier price.,tablet,windows_10,2024-03-31 09:12:38+00:00,2024-04-14 21:44:29+00:00,2024-03-17 18:31:21+00:00,2024-04-13 17:15:06+00:00,Whatever section old.,0.34
101,4ac6dc1e-c9fe-44fe-9870-c0cb21f6c96b,28e210da-e72c-4294-b072-40694df7ef84,163.201.177.190,(569)878-0308,96,Christopherview,Switzerland,Koch PLC,SMS Activate,1,,mobile,ios_14,2024-01-05 09:48:25+00:00,2024-03-25 13:11:21+00:00,2024-05-06 17:48:51+00:00,2024-01-08 23:48:31+00:00,,14.55
102,da4672fd-bd74-4de0-8b15-0d7fe6c78999,091acc42-993d-4710-9115-9e935e55a576,5.157.206.151,001-379-310-0513x3695,79,Anthonymouth,Puerto Rico,Rowe-Rivera,SMS Activate,1,,desktop,ios_14,2024-02-01 05:02:15+00:00,2024-04-24 13:33:49+00:00,2024-01-05 23:16:54+00:00,2024-05-14 18:33:54+00:00,,13.37
103,da4672fd-bd74-4de0-8b15-0d7fe6c78999,091acc42-993d-4710-9115-9e935e55a576,206.246.6.122,(917)761-1138x241,20,Michaelport,Yemen,Moore-Cook,SMS Activate,0,Blood step risk difference media.,mobile,android_10,2024-03-03 13:30:03+00:00,2024-01-07 10:04:44+00:00,2024-03-26 19:13:28+00:00,2024-05-05 07:46:45+00:00,Late camera law whether party.,51.77
104,da4672fd-bd74-4de0-8b15-0d7fe6c78999,091acc42-993d-4710-9115-9e935e55a576,70.247.147.148,331-485-8692,108,North Katiechester,Slovenia,"Orozco, Simon and Russell",SMS Activate,1,,mobile,android_10,2024-04-14 17:33:57+00:00,2024-02-04 17:55:32+00:00,2024-05-19 13:52:02+00:00,2024-04-01 14:49:21+00:00,,51.96
105,da4672fd-bd74-4de0-8b15-0d7fe6c78999,091acc42-993d-4710-9115-9e935e55a576,4.80.120.200,554.279.3374x06889,84,New Nathanberg,Guernsey,Mclaughlin-Simpson,SMS Activate,1,,tablet,android_10,2024-02-29 14:42:15+00:00,2024-03-01 22:39:48+00:00,2024-01-04 06:03:52+00:00,2024-05-27 07:36:49+00:00,,67.08
106,da4672fd-bd74-4de0-8b15-0d7fe6c78999,091acc42-993d-4710-9115-9e935e55a576,20.125.85.201,231.482.3086,39,Andersonberg,Tanzania,Bishop Group,SMS Activate,0,Action people each whom attention suddenly different someone.,tablet,ios_14,2024-05-15 13:31:09+00:00,2024-05-25 04:10:46+00:00,2024-05-12 04:00:44+00:00,2024-02-27 07:59:51+00:00,Receive type manage foot development look.,63.5
107,07bb4d59-5aae-4b36-a5cd-e657263c7bfb,de055053-4890-4b27-b590-fcb778c30a07,49.144.65.104,(872)903-3597x2204,4,East Jordantown,United States Minor Outlying Islands,"Tucker, Alvarado and Spencer",SMS Activate,1,,mobile,ios_14,2024-02-18 21:02:10+00:00,2024-01-11 05:49:33+00:00,2024-02-27 05:33:57+00:00,2024-03-01 18:07:06+00:00,,91.27
108,07bb4d59-5aae-4b36-a5cd-e657263c7bfb,de055053-4890-4b27-b590-fcb778c30a07,136.184.103.135,913.774.9820,55,Lake Michaelview,Sierra Leone,Gross-Miller,SMS Activate,1,,tablet,windows_10,2024-03-24 11:59:30+00:00,2024-05-12 12:10:09+00:00,2024-02-01 21:37:18+00:00,2024-03-10 23:16:24+00:00,,32.46
109,07bb4d59-5aae-4b36-a5cd-e657263c7bfb,de055053-4890-4b27-b590-fcb778c30a07,33.40.114.64,(748)226-7542x9981,109,Colliermouth,Croatia,Stanley-Rodriguez,SMS Activate,0,How lawyer history game.,mobile,android_10,2024-05-23 04:11:05+00:00,2024-05-18 08:28:20+00:00,2024-04-02 10:05:47+00:00,2024-01-28 04:58:10+00:00,Sing official that concern really too listen.,57.55
110,07bb4d59-5aae-4b36-a5cd-e657263c7bfb,de055053-4890-4b27-b590-fcb778c30a07,148.182.244.36,7598048428,47,Ericachester,Pitcairn Islands,Scott-Wilson,SMS Activate,1,,desktop,ios_14,2024-01-15 20:29:00+00:00,2024-03-06 17:10:09+00:00,2024-05-06 08:05:46+00:00,2024-03-25 12:56:14+00:00,,42.94
111,07bb4d59-5aae-4b36-a5cd-e657263c7bfb,de055053-4890-4b27-b590-fcb778c30a07,4.164.115.17,433-398-3828,46,Marisaville,Congo,"Cherry, Carter and Carson",SMS Activate,1,,tablet,ios_14,2024-03-25 22:00:54+00:00,2024-04-27 21:51:14+00:00,2024-04-02 22:52:27+00:00,2024-05-07 20:57:53+00:00,,16.18
112,590241c9-6c85-4da3-b9c2-48a88dd61f89,8756fede-3f52-4c4c-866a-af4d4088f6ad,34.177.215.27,746.890.8461x102,76,Scottborough,Cayman Islands,"Kelly, Johnson and Maynard",SMS Activate,0,Career authority prove south condition test.,desktop,ios_14,2024-04-04 20:00:37+00:00,2024-05-22 09:02:39+00:00,2024-05-03 23:13:33+00:00,2024-05-19 18:38:31+00:00,Letter fine open everything.,78.6
113,590241c9-6c85-4da3-b9c2-48a88dd61f89,8756fede-3f52-4c4c-866a-af4d4088f6ad,92.214.223.211,534-208-0223,20,Estradahaven,French Guiana,Lynch-Andrews,SMS Activate,0,Side knowledge traditional kind ask assume dark on.,mobile,ios_14,2024-04-27 02:33:59+00:00,2024-03-26 13:13:43+00:00,2024-05-12 14:20:54+00:00,2024-04-25 08:23:26+00:00,Act exist who girl issue range use.,21.94
114,590241c9-6c85-4da3-b9c2-48a88dd61f89,8756fede-3f52-4c4c-866a-af4d4088f6ad,71.226.213.154,+1-811-485-9073x5497,24,Port Emily,Jersey,Carroll-Stewart,SMS Activate,1,,tablet,windows_10,2024-02-17 02:51:08+00:00,2024-05-14 12:16:03+00:00,2024-04-20 16:21:58+00:00,2024-01-05 18:09:13+00:00,,30.0
115,590241c9-6c85-4da3-b9c2-48a88dd61f89,8756fede-3f52-4c4c-866a-af4d4088f6ad,198.64.185.223,254.973.5752x15309,119,Michellefort,Bouvet Island (Bouvetoya),"Miles, Cox and Weaver",SMS Activate,0,Suddenly who quite politics road central fund prepare.,desktop,windows_10,2024-05-25 19:51:26+00:00,2024-04-09 05:33:42+00:00,2024-03-25 21:10:17+00:00,2024-04-09 09:06:23+00:00,Citizen matter not.,33.14
116,590241c9-6c85-4da3-b9c2-48a88dd61f89,8756fede-3f52-4c4c-866a-af4d4088f6ad,78.168.217.18,001-261-836-0465x60274,80,Heatherstad,Spain,"Harper, Madden and Levy",SMS Activate,0,Change from test.,tablet,windows_10,2024-05-11 22:52:37+00:00,2024-04-29 22:37:12+00:00,2024-03-14 17:13:30+00:00,2024-05-01 12:09:35+00:00,Our seem how soldier.,43.45
117,12a6be27-4bb0-4c26-b1af-b34098f0bde5,b8f5658e-53c3-4c2f-9c93-ae0bc697e870,124.22.21.57,393-269-7673,0,West Arthur,Israel,"Rivers, Bennett and Daniel",SMS Activate,1,,tablet,windows_10,2024-02-07 19:31:53+00:00,2024-02-11 03:08:41+00:00,2024-01-12 23:05:45+00:00,2024-05-01 08:48:20+00:00,,39.75
118,12a6be27-4bb0-4c26-b1af-b34098f0bde5,b8f5658e-53c3-4c2f-9c93-ae0bc697e870,39.34.67.171,616-929-4889,2,Port Michaelberg,Barbados,"Rodriguez, Hill and Burnett",SMS Activate,0,Million response store.,desktop,android_10,2024-03-06 09:18:26+00:00,2024-01-19 12:57:51+00:00,2024-02-24 22:27:01+00:00,2024-04-30 06:24:54+00:00,Style want able follow.,61.06
119,12a6be27-4bb0-4c26-b1af-b34098f0bde5,b8f5658e-53c3-4c2f-9c93-ae0bc697e870,203.25.175.7,+1-423-694-3386,18,Melindaton,Ecuador,Macdonald-Wells,SMS Activate,0,News own sit final guy Mrs.,mobile,android_10,2023-12-31 22:32:17+00:00,2024-03-18 05:40:13+00:00,2024-03-29 00:34:09+00:00,2024-05-26 20:29:39+00:00,Actually exist instead subject reach employee.,5.65
120,12a6be27-4bb0-4c26-b1af-b34098f0bde5,b8f5658e-53c3-4c2f-9c93-ae0bc697e870,62.22.164.140,639.289.1385x22014,104,Dakotamouth,Russian Federation,"Torres, Brown and Torres",SMS Activate,1,,mobile,ios_14,2024-04-30 02:13:08+00:00,2024-02-17 20:48:05+00:00,2024-02-10 12:32:18+00:00,2024-03-21 00:08:32+00:00,,89.32
121,12a6be27-4bb0-4c26-b1af-b34098f0bde5,b8f5658e-53c3-4c2f-9c93-ae0bc697e870,144.159.102.115,+1-928-682-9723x701,97,Steveshire,Nicaragua,Matthews-Taylor,SMS Activate,0,Region human as their city often.,tablet,android_10,2024-04-30 13:18:56+00:00,2024-04-12 20:20:53+00:00,2024-05-13 05:08:58+00:00,2024-04-07 09:34:30+00:00,Sound factor laugh charge.,35.31
122,0fbc3492-7f47-4526-b3ca-cde04b9bac0f,de1c4806-c596-48ef-980d-72cf90a833da,96.52.54.73,781.701.0610x66377,32,Cameronport,Western Sahara,James-Thompson,SMS Activate,0,Finally food stay religious another system offer.,mobile,android_10,2024-04-15 15:28:38+00:00,2024-05-12 16:35:29+00:00,2024-03-13 01:53:34+00:00,2024-01-11 22:38:59+00:00,Pick huge everyone.,12.21
123,0fbc3492-7f47-4526-b3ca-cde04b9bac0f,de1c4806-c596-48ef-980d-72cf90a833da,97.227.190.88,+1-532-441-0799x095,22,Zacharychester,Tanzania,Olsen-Murphy,SMS Activate,0,Meet cover watch pay language various.,mobile,ios_14,2024-04-09 23:59:12+00:00,2024-01-06 18:07:31+00:00,2024-03-07 08:23:17+00:00,2024-03-31 10:28:39+00:00,Commercial customer thought information lose.,52.17
124,0fbc3492-7f47-4526-b3ca-cde04b9bac0f,de1c4806-c596-48ef-980d-72cf90a833da,108.81.64.199,792-305-3213,93,North Sarahside,Turkey,Hernandez-Bass,SMS Activate,1,,tablet,ios_14,2024-01-27 20:53:18+00:00,2024-05-12 17:33:17+00:00,2024-02-18 18:05:25+00:00,2024-01-03 06:13:25+00:00,,61.22
125,0fbc3492-7f47-4526-b3ca-cde04b9bac0f,de1c4806-c596-48ef-980d-72cf90a833da,219.146.185.141,+1-521-204-6185x008,92,East Amyland,Kazakhstan,Arnold Inc,SMS Activate,1,,tablet,android_10,2024-02-09 07:31:12+00:00,2024-01-13 20:59:33+00:00,2024-04-09 10:38:28+00:00,2024-03-17 16:02:04+00:00,,54.04
126,0fbc3492-7f47-4526-b3ca-cde04b9bac0f,de1c4806-c596-48ef-980d-72cf90a833da,77.18.64.193,+1-680-336-1718x412,110,South Micheleshire,Afghanistan,"Diaz, Waters and Nicholson",SMS Activate,1,,tablet,ios_14,2024-03-22 16:24:53+00:00,2024-05-25 01:28:14+00:00,2024-04-28 05:36:47+00:00,2024-03-26 19:01:07+00:00,,87.79
127,9bfb7760-d127-401d-bdca-18b1c7c7f413,97dfdcaf-d746-434d-99ed-4465a1cb9972,161.54.232.211,590.596.3292x21637,95,West Jessica,Iraq,"Anderson, Bailey and Reilly",SMS Activate,1,,desktop,ios_14,2024-05-15 04:54:02+00:00,2024-04-14 18:49:38+00:00,2024-02-21 13:05:56+00:00,2024-05-08 15:05:22+00:00,,24.68
128,9bfb7760-d127-401d-bdca-18b1c7c7f413,97dfdcaf-d746-434d-99ed-4465a1cb9972,44.139.136.144,(765)875-0613,94,South John,Colombia,"Castaneda, Gordon and Garcia",SMS Activate,1,,mobile,ios_14,2024-02-13 18:16:39+00:00,2024-04-01 07:11:54+00:00,2024-03-07 10:04:36+00:00,2024-01-01 23:02:40+00:00,,3.56
129,9bfb7760-d127-401d-bdca-18b1c7c7f413,97dfdcaf-d746-434d-99ed-4465a1cb9972,82.36.222.128,001-735-798-8925x8494,76,Gabrielmouth,Congo,Hill-Mccormick,SMS Activate,1,,tablet,windows_10,2024-01-05 12:04:55+00:00,2024-05-21 11:55:42+00:00,2024-01-20 04:04:03+00:00,2024-05-12 03:56:55+00:00,,54.69
130,9bfb7760-d127-401d-bdca-18b1c7c7f413,97dfdcaf-d746-434d-99ed-4465a1cb9972,139.49.15.117,774-211-8539x33852,64,Garciatown,New Caledonia,Meyers Ltd,SMS Activate,1,,tablet,windows_10,2024-03-24 18:05:03+00:00,2024-03-29 21:13:55+00:00,2024-04-30 08:43:02+00:00,2024-03-31 01:15:10+00:00,,31.25
131,9bfb7760-d127-401d-bdca-18b1c7c7f413,97dfdcaf-d746-434d-99ed-4465a1cb9972,180.27.16.118,666.773.8668x310,45,New Danny,Namibia,Wise Group,SMS Activate,0,When music money until.,desktop,android_10,2024-01-25 18:37:38+00:00,2024-02-15 08:37:52+00:00,2024-05-16 15:47:53+00:00,2024-03-13 17:28:26+00:00,Onto owner establish also back eat.,76.64
132,c7fd264f-94bd-469b-abc2-462159bc1c3b,40966be1-9983-431f-aadc-b4e5ede1b56d,46.195.161.174,790.875.5822x4598,86,Cynthiaville,Taiwan,"Elliott, Gould and Poole",SMS Activate,0,Long project surface check scene.,tablet,windows_10,2024-04-03 23:28:05+00:00,2024-04-14 09:48:58+00:00,2024-04-23 01:47:08+00:00,2024-05-10 07:25:54+00:00,Born whole most good rock center close.,87.21
133,c7fd264f-94bd-469b-abc2-462159bc1c3b,40966be1-9983-431f-aadc-b4e5ede1b56d,152.131.138.31,6677457791,81,New Christinahaven,Anguilla,Everett Group,SMS Activate,0,Threat often care measure.,tablet,android_10,2024-04-19 20:27:37+00:00,2024-01-15 17:26:28+00:00,2024-04-24 20:38:21+00:00,2024-02-09 12:19:10+00:00,Tree who raise physical nor those civil walk.,74.31
134,c7fd264f-94bd-469b-abc2-462159bc1c3b,40966be1-9983-431f-aadc-b4e5ede1b56d,79.39.66.110,508.602.1913x7733,53,Laurachester,Bangladesh,"Smith, Perez and Montgomery",SMS Activate,0,His various own plant single term family too.,mobile,android_10,2024-03-29 01:11:49+00:00,2024-01-16 03:32:51+00:00,2024-05-20 06:58:08+00:00,2024-01-22 06:56:29+00:00,Get break board both here.,75.41
161,658fa1ce-f6ed-4a09-bccd-775b0854fd17,87f3342b-e2cb-421a-b871-9c0fa61b4c62,210.161.42.154,236.786.2325x62634,11,Meredithberg,Saint Helena,Meyer-Brooks,SMS Activate,1,,mobile,ios_14,2024-04-18 23:17:24+00:00,2024-04-18 23:18:24+00:00,2024-04-18 23:22:24+00:00,2024-04-18 23:24:24+00:00,,63.9
135,c7fd264f-94bd-469b-abc2-462159bc1c3b,40966be1-9983-431f-aadc-b4e5ede1b56d,150.146.46.44,364.637.3434,111,Susanmouth,Maldives,"Townsend, Jones and Washington",SMS Activate,0,Course well go nearly article check report.,desktop,windows_10,2024-03-15 02:07:57+00:00,2024-01-26 17:24:00+00:00,2024-01-04 18:48:42+00:00,2024-05-19 05:10:09+00:00,Best right accept stand good senior.,44.87
136,c7fd264f-94bd-469b-abc2-462159bc1c3b,40966be1-9983-431f-aadc-b4e5ede1b56d,6.53.94.2,(210)654-1989x926,47,South Alexisfort,Mexico,"Harrison, Brandt and Goodman",SMS Activate,0,Adult remember meeting hope half.,mobile,windows_10,2024-04-01 02:51:41+00:00,2024-01-12 10:55:57+00:00,2024-02-20 06:22:10+00:00,2024-01-05 01:55:14+00:00,Machine yourself create system town create American.,31.43
137,a0817429-a9dc-4006-8779-fd15e8ecced5,d908a238-05ee-4caf-a152-c5dc9f30ca9b,36.92.113.143,503-636-1295x659,60,North Melissamouth,Malta,"Mcdonald, Neal and Lee",SMS Activate,0,Policy sure with gas quality Congress.,mobile,android_10,2024-02-29 03:30:18+00:00,2024-01-15 10:36:30+00:00,2024-02-04 22:49:24+00:00,2024-03-22 19:07:25+00:00,Quickly wrong agent.,60.22
138,a0817429-a9dc-4006-8779-fd15e8ecced5,d908a238-05ee-4caf-a152-c5dc9f30ca9b,69.195.101.19,542.478.6463x32548,120,Lake Rachelton,Christmas Island,Edwards-Robinson,SMS Activate,0,Little issue exactly successful test stage real.,mobile,windows_10,2024-04-29 00:52:37+00:00,2024-01-28 05:32:22+00:00,2024-01-17 16:29:30+00:00,2024-03-21 00:01:33+00:00,Various option positive within record.,1.56
139,a0817429-a9dc-4006-8779-fd15e8ecced5,d908a238-05ee-4caf-a152-c5dc9f30ca9b,211.107.223.213,654.345.3267,37,Ryanfurt,United States of America,Fry-Woods,SMS Activate,1,,tablet,android_10,2024-02-19 12:04:00+00:00,2024-02-26 21:22:20+00:00,2024-05-11 12:30:53+00:00,2024-04-04 03:39:45+00:00,,51.72
140,a0817429-a9dc-4006-8779-fd15e8ecced5,d908a238-05ee-4caf-a152-c5dc9f30ca9b,97.144.110.93,294.667.4280,121,West Josephview,Yemen,Martinez-Allen,SMS Activate,1,,mobile,ios_14,2024-01-09 16:01:50+00:00,2024-03-20 05:10:27+00:00,2024-05-14 05:36:07+00:00,2024-01-31 14:20:42+00:00,,12.93
141,a0817429-a9dc-4006-8779-fd15e8ecced5,d908a238-05ee-4caf-a152-c5dc9f30ca9b,130.112.137.151,(327)943-3945,13,Shawnhaven,Holy See (Vatican City State),Gaines Inc,SMS Activate,0,Them lose seven there rate message.,mobile,windows_10,2024-01-13 16:56:22+00:00,2024-05-01 15:37:00+00:00,2024-05-13 17:43:23+00:00,2024-05-27 20:19:14+00:00,Foot simply according five south recent.,6.43
142,0bbe1b79-daf1-4d0d-9e9d-f94e41a9a8aa,2b6a7f0e-1631-47a3-a418-8f4b77708201,102.200.163.200,(973)407-2884,0,West Denisefurt,Martinique,"Shaw, Patel and Durham",SMS Activate,0,Control return main quite street.,desktop,windows_10,2024-01-16 21:37:13+00:00,2024-02-29 22:17:12+00:00,2024-01-21 06:18:39+00:00,2024-01-06 03:14:35+00:00,Wish statement president test camera pressure.,32.23
143,0bbe1b79-daf1-4d0d-9e9d-f94e41a9a8aa,2b6a7f0e-1631-47a3-a418-8f4b77708201,35.102.245.185,001-643-838-4471x89291,25,Lonniestad,Swaziland,Murillo Group,SMS Activate,1,,desktop,ios_14,2024-02-12 15:35:52+00:00,2024-02-12 23:51:55+00:00,2024-01-31 19:14:14+00:00,2024-03-13 02:49:02+00:00,,90.4
144,0bbe1b79-daf1-4d0d-9e9d-f94e41a9a8aa,2b6a7f0e-1631-47a3-a418-8f4b77708201,133.139.200.97,592.343.1535x1042,52,South Tim,Namibia,George LLC,SMS Activate,1,,mobile,android_10,2024-05-26 19:23:35+00:00,2024-02-13 01:26:55+00:00,2024-01-04 22:16:23+00:00,2024-01-06 22:48:42+00:00,,26.11
145,0bbe1b79-daf1-4d0d-9e9d-f94e41a9a8aa,2b6a7f0e-1631-47a3-a418-8f4b77708201,179.105.16.64,460.534.8104,119,Anthonyburgh,Bolivia,Gonzalez-Nelson,SMS Activate,1,,desktop,ios_14,2024-05-18 10:42:11+00:00,2024-02-11 20:24:21+00:00,2024-05-02 19:54:23+00:00,2024-05-02 06:33:27+00:00,,72.44
146,0bbe1b79-daf1-4d0d-9e9d-f94e41a9a8aa,2b6a7f0e-1631-47a3-a418-8f4b77708201,137.228.193.251,+1-640-733-6270x0112,50,Judithfurt,Croatia,Hopkins-Gonzalez,SMS Activate,0,When tough sign head technology visit dinner.,mobile,ios_14,2024-05-15 03:09:16+00:00,2024-02-07 17:41:44+00:00,2024-05-20 12:06:45+00:00,2024-02-15 08:12:18+00:00,Along try line material drive several.,12.55
147,67b5ee24-5328-408b-b298-4fe722ec238a,24d3e130-d242-42cf-9838-4c2e2f08806b,45.218.163.248,758-579-3451,43,Port Danabury,Anguilla,"Moore, Sparks and Peterson",SMS Activate,1,,tablet,android_10,2024-05-02 11:36:45+00:00,2024-05-25 01:54:47+00:00,2024-03-01 04:48:35+00:00,2024-04-26 02:52:28+00:00,,16.22
148,67b5ee24-5328-408b-b298-4fe722ec238a,24d3e130-d242-42cf-9838-4c2e2f08806b,86.61.159.67,6516745664,10,Port Jenniferport,Lebanon,Walker LLC,SMS Activate,0,Future daughter thank through author.,mobile,ios_14,2024-01-31 11:42:32+00:00,2024-05-20 00:28:06+00:00,2024-05-09 18:08:05+00:00,2024-04-14 13:27:55+00:00,Before hold anyone knowledge nation main perform.,26.47
149,67b5ee24-5328-408b-b298-4fe722ec238a,24d3e130-d242-42cf-9838-4c2e2f08806b,96.30.35.225,672-588-0847,38,Moralesview,South Africa,Collins Group,SMS Activate,1,,desktop,ios_14,2024-04-01 13:49:49+00:00,2024-01-25 06:47:42+00:00,2024-01-21 05:42:16+00:00,2024-04-16 16:41:49+00:00,,27.74
150,67b5ee24-5328-408b-b298-4fe722ec238a,24d3e130-d242-42cf-9838-4c2e2f08806b,93.64.172.2,592.270.7070,68,Stephenfurt,Macao,"Anderson, Stewart and Hodges",SMS Activate,0,Big item baby cover.,tablet,ios_14,2024-05-12 08:31:39+00:00,2024-05-27 22:17:58+00:00,2024-04-02 09:07:10+00:00,2024-05-17 21:09:29+00:00,Answer brother tough and.,42.47
151,67b5ee24-5328-408b-b298-4fe722ec238a,24d3e130-d242-42cf-9838-4c2e2f08806b,136.135.213.176,884.358.5831,118,Port Shane,Japan,Snow and Sons,SMS Activate,1,,mobile,windows_10,2024-05-23 21:01:14+00:00,2024-03-01 17:36:54+00:00,2024-03-19 00:45:41+00:00,2024-05-03 20:05:53+00:00,,36.49
152,8414714a-1751-4e09-a1bb-83ba9615b6e8,3767a1a6-26c2-4ce2-a9ae-ec1e7ada842f,153.93.64.214,(497)260-8275x20959,6,Port Adamhaven,Congo,"Webb, Olson and Koch",SMS Activate,0,Arrive class six lead.,mobile,ios_14,2023-07-17 20:23:13+00:00,2023-07-17 20:25:13+00:00,2023-07-17 20:30:13+00:00,2023-07-17 20:31:13+00:00,When hot college third rich compare cold.,40.93
153,8414714a-1751-4e09-a1bb-83ba9615b6e8,3767a1a6-26c2-4ce2-a9ae-ec1e7ada842f,148.180.72.202,866-812-0813,112,West Tracyland,Uzbekistan,Lopez-Campbell,SMS Activate,1,,desktop,ios_14,2024-04-12 16:25:07+00:00,2024-04-12 16:33:07+00:00,2024-04-12 16:32:07+00:00,2024-04-12 16:34:07+00:00,,92.96
154,8414714a-1751-4e09-a1bb-83ba9615b6e8,3767a1a6-26c2-4ce2-a9ae-ec1e7ada842f,13.155.67.113,956-539-4145x615,27,Lake Christopher,Turkmenistan,"Perry, Cameron and Vargas",SMS Activate,0,Where watch year that blue.,desktop,android_10,2023-05-31 04:29:22+00:00,2023-05-31 04:38:22+00:00,2023-05-31 04:38:22+00:00,2023-05-31 04:32:22+00:00,In build happen.,53.56
155,8414714a-1751-4e09-a1bb-83ba9615b6e8,3767a1a6-26c2-4ce2-a9ae-ec1e7ada842f,9.1.56.207,001-292-955-5293x317,48,West Juanmouth,Spain,"Fleming, Sanford and Kelly",SMS Activate,0,Indeed lose big himself give fill feel.,mobile,windows_10,2024-04-06 17:18:58+00:00,2024-04-06 17:20:58+00:00,2024-04-06 17:24:58+00:00,2024-04-06 17:27:58+00:00,Either stuff exactly commercial personal.,23.5
156,8414714a-1751-4e09-a1bb-83ba9615b6e8,3767a1a6-26c2-4ce2-a9ae-ec1e7ada842f,201.162.211.47,(672)976-6082x4364,80,Port Davidville,Libyan Arab Jamahiriya,"Moore, Gomez and Jones",SMS Activate,0,See player yeah fact join.,mobile,windows_10,2023-09-22 00:39:57+00:00,2023-09-22 00:41:57+00:00,2023-09-22 00:41:57+00:00,2023-09-22 00:41:57+00:00,Situation could find keep PM.,84.66
157,658fa1ce-f6ed-4a09-bccd-775b0854fd17,87f3342b-e2cb-421a-b871-9c0fa61b4c62,186.26.41.43,749.756.0187x770,106,Port Susanside,Burkina Faso,Romero Group,SMS Activate,0,Three total city almost side box.,mobile,android_10,2024-05-25 06:45:49+00:00,2024-05-25 06:54:49+00:00,2024-05-25 06:52:49+00:00,2024-05-25 06:51:49+00:00,Entire above buy family.,81.54
158,658fa1ce-f6ed-4a09-bccd-775b0854fd17,87f3342b-e2cb-421a-b871-9c0fa61b4c62,187.168.66.47,(970)595-5576,113,Kaneville,Pitcairn Islands,"Willis, Mccormick and Brown",SMS Activate,0,Teacher pick into seem speak.,mobile,windows_10,2023-07-27 15:48:46+00:00,2023-07-27 15:53:46+00:00,2023-07-27 15:56:46+00:00,2023-07-27 15:53:46+00:00,Certainly spring remember while travel what get operation.,71.69
159,658fa1ce-f6ed-4a09-bccd-775b0854fd17,87f3342b-e2cb-421a-b871-9c0fa61b4c62,55.161.25.92,(979)988-2692,80,North Williamfurt,Ecuador,Calderon-Jackson,SMS Activate,0,Method type let worker individual.,desktop,ios_14,2024-05-28 07:18:40+00:00,2024-05-28 07:23:40+00:00,2024-05-28 07:27:40+00:00,2024-05-28 07:21:40+00:00,Teach since positive product serve can production structure.,64.66
160,658fa1ce-f6ed-4a09-bccd-775b0854fd17,87f3342b-e2cb-421a-b871-9c0fa61b4c62,71.214.66.58,994.718.3808x021,87,Ellisborough,Cambodia,"Phillips, Stanley and Hill",SMS Activate,0,Actually trip wear yeah word whether nearly.,tablet,windows_10,2023-07-25 13:47:35+00:00,2023-07-25 13:49:35+00:00,2023-07-25 13:51:35+00:00,2023-07-25 13:55:35+00:00,Political wear tonight although late buy.,69.92
162,1ea50b08-e5f5-4be3-b580-2f201cd3dfa4,13a30a60-0050-408c-a577-c4e6d85ec75a,1.66.9.71,326-875-9886x3105,51,West Michelletown,Bulgaria,Romero-Cunningham,SMS Activate,0,Girl point third over discussion event sit.,mobile,windows_10,2023-10-07 04:41:41+00:00,2023-10-07 04:45:41+00:00,2023-10-07 04:42:41+00:00,2023-10-07 04:51:41+00:00,Fast land deep card mother.,44.02
163,1ea50b08-e5f5-4be3-b580-2f201cd3dfa4,13a30a60-0050-408c-a577-c4e6d85ec75a,146.30.169.232,+1-940-223-4194x05074,102,South Daniel,Qatar,Roman-Johnson,SMS Activate,0,Turn wish about official.,tablet,android_10,2023-08-21 07:24:25+00:00,2023-08-21 07:29:25+00:00,2023-08-21 07:29:25+00:00,2023-08-21 07:26:25+00:00,A next adult control.,21.09
164,1ea50b08-e5f5-4be3-b580-2f201cd3dfa4,13a30a60-0050-408c-a577-c4e6d85ec75a,152.83.64.187,+1-370-823-0328x54433,95,Melindaburgh,Northern Mariana Islands,"Tucker, Cook and Kirk",SMS Activate,0,Say resource build particularly off church economic.,tablet,ios_14,2024-05-11 00:17:05+00:00,2024-05-11 00:27:05+00:00,2024-05-11 00:22:05+00:00,2024-05-11 00:19:05+00:00,Training entire citizen body black market.,91.19
165,1ea50b08-e5f5-4be3-b580-2f201cd3dfa4,13a30a60-0050-408c-a577-c4e6d85ec75a,195.87.75.243,+1-646-564-3138x95872,47,West Peter,Saint Barthelemy,"Bell, Rhodes and Dunn",SMS Activate,0,Grow head strong will reflect.,tablet,ios_14,2023-09-30 13:47:43+00:00,2023-09-30 13:48:43+00:00,2023-09-30 13:49:43+00:00,2023-09-30 13:54:43+00:00,Knowledge agent current.,98.91
166,1ea50b08-e5f5-4be3-b580-2f201cd3dfa4,13a30a60-0050-408c-a577-c4e6d85ec75a,8.169.110.232,001-780-203-8407x843,115,Port Joan,Comoros,"Johnson, White and Franklin",SMS Activate,1,,tablet,windows_10,2023-05-29 04:02:43+00:00,2023-05-29 04:09:43+00:00,2023-05-29 04:10:43+00:00,2023-05-29 04:09:43+00:00,,48.95
167,485640b3-8a54-4014-8172-20dea27bf7b9,4f6250b5-b4da-4323-bb66-ba1806975519,8.166.34.227,+1-350-789-2203x6601,30,West Kristenmouth,Denmark,Manning Ltd,SMS Activate,0,Name blood above industry call.,desktop,android_10,2024-03-26 21:25:24+00:00,2024-03-26 21:29:24+00:00,2024-03-26 21:27:24+00:00,2024-03-26 21:26:24+00:00,Nothing tonight community prevent laugh.,10.18
168,485640b3-8a54-4014-8172-20dea27bf7b9,4f6250b5-b4da-4323-bb66-ba1806975519,104.99.201.115,292-725-8034,90,Port Reginaburgh,Austria,Rubio-Mcgee,SMS Activate,1,,desktop,windows_10,2024-02-18 10:35:31+00:00,2024-02-18 10:38:31+00:00,2024-02-18 10:37:31+00:00,2024-02-18 10:41:31+00:00,,16.89
169,485640b3-8a54-4014-8172-20dea27bf7b9,4f6250b5-b4da-4323-bb66-ba1806975519,129.193.160.194,+1-748-571-5825,44,Phillipsland,Myanmar,Smith and Sons,SMS Activate,1,,desktop,windows_10,2023-06-12 16:32:50+00:00,2023-06-12 16:34:50+00:00,2023-06-12 16:33:50+00:00,2023-06-12 16:37:50+00:00,,52.85
170,485640b3-8a54-4014-8172-20dea27bf7b9,4f6250b5-b4da-4323-bb66-ba1806975519,34.106.177.53,723-219-4070x793,19,North Donnahaven,Lesotho,Gallagher Group,SMS Activate,0,History north pull arrive wide.,desktop,ios_14,2024-05-18 14:14:22+00:00,2024-05-18 14:21:22+00:00,2024-05-18 14:21:22+00:00,2024-05-18 14:21:22+00:00,Him more light member national power authority picture.,43.19
171,485640b3-8a54-4014-8172-20dea27bf7b9,4f6250b5-b4da-4323-bb66-ba1806975519,81.28.101.43,465-634-6063x77910,16,Sandersville,Holy See (Vatican City State),Green and Sons,SMS Activate,1,,desktop,android_10,2024-04-03 07:00:11+00:00,2024-04-03 07:07:11+00:00,2024-04-03 07:04:11+00:00,2024-04-03 07:09:11+00:00,,89.11
172,acc63e0d-3c68-4139-a78c-612a31297fea,cf8476a8-7225-42a0-9d75-5d461663d06b,64.139.200.144,387-533-0312x3684,48,New Kennethchester,Botswana,Campbell-Douglas,SMS Activate,1,,mobile,windows_10,2024-02-23 09:52:15+00:00,2024-02-23 09:57:15+00:00,2024-02-23 09:54:15+00:00,2024-02-23 10:01:15+00:00,,1.45
173,acc63e0d-3c68-4139-a78c-612a31297fea,cf8476a8-7225-42a0-9d75-5d461663d06b,178.243.141.203,+1-214-325-1413,27,Gutierrezmouth,Romania,Perez-Smith,SMS Activate,0,Market view technology cup.,desktop,windows_10,2024-05-28 06:28:34+00:00,2024-05-28 06:34:34+00:00,2024-05-28 06:29:34+00:00,2024-05-28 06:36:34+00:00,At seek father resource answer knowledge from push.,21.92
174,acc63e0d-3c68-4139-a78c-612a31297fea,cf8476a8-7225-42a0-9d75-5d461663d06b,66.100.122.244,+1-726-488-0501,80,Cherylburgh,Cuba,Torres-Macias,SMS Activate,0,Bar watch us.,mobile,windows_10,2023-10-30 17:05:30+00:00,2023-10-30 17:15:30+00:00,2023-10-30 17:11:30+00:00,2023-10-30 17:14:30+00:00,Control personal discussion under.,53.44
175,acc63e0d-3c68-4139-a78c-612a31297fea,cf8476a8-7225-42a0-9d75-5d461663d06b,184.31.121.118,(972)489-2028x1404,72,Danchester,Palestinian Territory,Gray PLC,SMS Activate,0,Finally want professor pass yourself red.,mobile,ios_14,2023-08-20 00:46:29+00:00,2023-08-20 00:52:29+00:00,2023-08-20 00:53:29+00:00,2023-08-20 00:51:29+00:00,High TV card recently beat probably.,63.74
176,acc63e0d-3c68-4139-a78c-612a31297fea,cf8476a8-7225-42a0-9d75-5d461663d06b,128.182.83.6,(944)677-4054x9355,96,Lake Michaelfurt,Singapore,Herman-Farrell,SMS Activate,1,,desktop,ios_14,2023-07-31 11:23:23+00:00,2023-07-31 11:31:23+00:00,2023-07-31 11:29:23+00:00,2023-07-31 11:32:23+00:00,,32.43
177,b8959325-310d-4329-9048-4c1ac14f2021,29b9f33c-49b3-4ff7-9bbd-8c121c4272c5,165.233.153.106,549.271.0692x778,107,Port Johnny,Montserrat,Ward Ltd,SMS Activate,1,,mobile,windows_10,2023-12-29 16:01:41+00:00,2023-12-29 16:09:41+00:00,2023-12-29 16:09:41+00:00,2023-12-29 16:06:41+00:00,,39.66
178,b8959325-310d-4329-9048-4c1ac14f2021,29b9f33c-49b3-4ff7-9bbd-8c121c4272c5,19.233.39.80,(586)812-1088x16744,28,North Angela,Sri Lanka,Long-Baker,SMS Activate,0,Nice here deep interest.,tablet,ios_14,2024-04-17 14:33:24+00:00,2024-04-17 14:43:24+00:00,2024-04-17 14:43:24+00:00,2024-04-17 14:43:24+00:00,Conference chair million friend you family group.,95.8
179,b8959325-310d-4329-9048-4c1ac14f2021,29b9f33c-49b3-4ff7-9bbd-8c121c4272c5,23.21.179.50,+1-841-863-1461x198,3,West Davidside,Sweden,Trevino Inc,SMS Activate,0,Wait try mission owner represent through.,mobile,ios_14,2024-03-09 21:39:55+00:00,2024-03-09 21:49:55+00:00,2024-03-09 21:48:55+00:00,2024-03-09 21:45:55+00:00,Area break for memory movie table morning either.,86.63
180,b8959325-310d-4329-9048-4c1ac14f2021,29b9f33c-49b3-4ff7-9bbd-8c121c4272c5,170.25.248.158,+1-229-780-8356,7,South Zachary,Israel,Lambert-Gonzales,SMS Activate,1,,tablet,ios_14,2024-02-17 00:14:53+00:00,2024-02-17 00:16:53+00:00,2024-02-17 00:19:53+00:00,2024-02-17 00:15:53+00:00,,84.14
181,b8959325-310d-4329-9048-4c1ac14f2021,29b9f33c-49b3-4ff7-9bbd-8c121c4272c5,134.65.18.59,275-874-2813,8,North Gary,Malta,Cortez-Harris,SMS Activate,1,,desktop,ios_14,2024-03-19 22:49:00+00:00,2024-03-19 22:55:00+00:00,2024-03-19 22:53:00+00:00,2024-03-19 22:59:00+00:00,,78.76
182,2c860ba1-d5a7-4a28-8732-d4e91053c1c3,3bcc448a-1100-4393-be4c-d844c952bbf6,38.165.76.199,944.726.8835x6182,100,Connertown,Serbia,Hart Ltd,SMS Activate,1,,tablet,windows_10,2023-11-05 16:56:30+00:00,2023-11-05 17:03:30+00:00,2023-11-05 17:06:30+00:00,2023-11-05 17:03:30+00:00,,1.28
183,2c860ba1-d5a7-4a28-8732-d4e91053c1c3,3bcc448a-1100-4393-be4c-d844c952bbf6,15.101.64.180,001-496-444-0952,15,Lyonsville,Isle of Man,Ballard Ltd,SMS Activate,1,,mobile,ios_14,2024-01-06 06:20:20+00:00,2024-01-06 06:29:20+00:00,2024-01-06 06:28:20+00:00,2024-01-06 06:27:20+00:00,,43.62
184,2c860ba1-d5a7-4a28-8732-d4e91053c1c3,3bcc448a-1100-4393-be4c-d844c952bbf6,81.56.232.0,+1-931-719-9914x9943,20,Lake Joseph,Pakistan,"Navarro, Flores and Weiss",SMS Activate,0,Authority even form floor item report still.,desktop,android_10,2024-03-06 10:02:51+00:00,2024-03-06 10:08:51+00:00,2024-03-06 10:06:51+00:00,2024-03-06 10:11:51+00:00,Senior explain both build since baby.,27.59
185,2c860ba1-d5a7-4a28-8732-d4e91053c1c3,3bcc448a-1100-4393-be4c-d844c952bbf6,129.39.25.9,954-272-8839,8,West Melvinland,Solomon Islands,Bell PLC,SMS Activate,0,Civil another third you its environment treat.,tablet,android_10,2023-12-05 02:02:22+00:00,2023-12-05 02:11:22+00:00,2023-12-05 02:10:22+00:00,2023-12-05 02:07:22+00:00,From fire tough drop wall amount success.,74.85
186,2c860ba1-d5a7-4a28-8732-d4e91053c1c3,3bcc448a-1100-4393-be4c-d844c952bbf6,103.111.197.249,001-398-984-8822x08949,67,North Williamton,Yemen,Boyle-Bailey,SMS Activate,1,,desktop,ios_14,2023-07-09 03:32:15+00:00,2023-07-09 03:38:15+00:00,2023-07-09 03:42:15+00:00,2023-07-09 03:40:15+00:00,,59.71
187,87625527-7835-4164-bf04-07bb7514d537,0aa4ae76-97eb-4031-a16a-fbee0e7fe6a7,80.98.143.72,(320)502-7278x00201,35,Reillyland,Israel,Zhang PLC,SMS Activate,1,,desktop,ios_14,2023-07-07 21:49:53+00:00,2023-07-07 21:59:53+00:00,2023-07-07 21:51:53+00:00,2023-07-07 21:57:53+00:00,,92.42
188,87625527-7835-4164-bf04-07bb7514d537,0aa4ae76-97eb-4031-a16a-fbee0e7fe6a7,173.177.84.141,716.301.5438,43,Sheenahaven,Tunisia,Johnson-Williams,SMS Activate,0,Another rate type project story note.,mobile,ios_14,2023-07-21 02:40:13+00:00,2023-07-21 02:42:13+00:00,2023-07-21 02:44:13+00:00,2023-07-21 02:43:13+00:00,Never trade challenge effort foreign economic base.,87.68
189,87625527-7835-4164-bf04-07bb7514d537,0aa4ae76-97eb-4031-a16a-fbee0e7fe6a7,218.180.104.198,857-865-4954x3664,88,South Colemouth,Tajikistan,"Hill, Graham and Johnson",SMS Activate,0,Music reason whatever often listen culture treatment.,desktop,windows_10,2023-06-18 09:36:13+00:00,2023-06-18 09:42:13+00:00,2023-06-18 09:46:13+00:00,2023-06-18 09:40:13+00:00,Fire wife behind health response.,4.15
190,87625527-7835-4164-bf04-07bb7514d537,0aa4ae76-97eb-4031-a16a-fbee0e7fe6a7,217.118.126.19,471.259.1788x683,83,New Tyler,United Kingdom,Taylor Ltd,SMS Activate,1,,mobile,android_10,2024-05-05 01:44:45+00:00,2024-05-05 01:45:45+00:00,2024-05-05 01:52:45+00:00,2024-05-05 01:54:45+00:00,,91.41
191,87625527-7835-4164-bf04-07bb7514d537,0aa4ae76-97eb-4031-a16a-fbee0e7fe6a7,201.117.77.22,(925)428-2007x19708,14,North Jasonmouth,Congo,"Jones, Daugherty and Thomas",SMS Activate,0,Threat pay reflect finish improve rest into.,desktop,ios_14,2023-09-01 19:00:15+00:00,2023-09-01 19:07:15+00:00,2023-09-01 19:06:15+00:00,2023-09-01 19:05:15+00:00,Listen claim right point force.,39.73
192,5dbafa0a-d6d1-472c-90e9-ed7609aaec19,f8a1ca9d-feae-4bc9-bcd4-b52ba03bc55b,220.252.74.15,419.215.3038,96,Port Charles,Kyrgyz Republic,Johnson PLC,SMS Activate,1,,tablet,android_10,2023-09-01 10:46:34+00:00,2023-09-01 10:53:34+00:00,2023-09-01 10:51:34+00:00,2023-09-01 10:54:34+00:00,,47.4
193,5dbafa0a-d6d1-472c-90e9-ed7609aaec19,f8a1ca9d-feae-4bc9-bcd4-b52ba03bc55b,174.139.110.209,244-667-5312x7165,80,Richfurt,Svalbard & Jan Mayen Islands,"Schroeder, Lane and Martin",SMS Activate,0,Line thank month spend face man.,tablet,android_10,2024-02-12 23:09:37+00:00,2024-02-12 23:12:37+00:00,2024-02-12 23:19:37+00:00,2024-02-12 23:17:37+00:00,Property ever serious option.,45.55
194,5dbafa0a-d6d1-472c-90e9-ed7609aaec19,f8a1ca9d-feae-4bc9-bcd4-b52ba03bc55b,2.189.7.209,001-359-585-2515,54,Ethanfort,Brazil,Olson-Golden,SMS Activate,0,Cost leave nice purpose.,tablet,windows_10,2024-05-18 23:05:26+00:00,2024-05-18 23:15:26+00:00,2024-05-18 23:10:26+00:00,2024-05-18 23:10:26+00:00,Identify son both my.,22.82
195,5dbafa0a-d6d1-472c-90e9-ed7609aaec19,f8a1ca9d-feae-4bc9-bcd4-b52ba03bc55b,134.8.161.235,(579)847-4500,87,Lake Colleenberg,Kuwait,Bryant-Lynch,SMS Activate,0,Happen pass arrive adult wife daughter best.,tablet,ios_14,2023-10-10 09:43:14+00:00,2023-10-10 09:52:14+00:00,2023-10-10 09:46:14+00:00,2023-10-10 09:48:14+00:00,Low condition strategy wish support bank right win.,68.29
196,5dbafa0a-d6d1-472c-90e9-ed7609aaec19,f8a1ca9d-feae-4bc9-bcd4-b52ba03bc55b,191.137.1.44,840.329.5982,28,West Karenbury,Israel,"Christensen, Wright and Hernandez",SMS Activate,0,Same administration rule choice.,mobile,ios_14,2023-06-02 06:58:56+00:00,2023-06-02 07:05:56+00:00,2023-06-02 07:08:56+00:00,2023-06-02 07:06:56+00:00,Others sense kind outside several measure huge.,17.56
197,2de6bb9e-eebd-4bfe-a119-f1ace664add4,71123161-7e65-481c-a05f-166250607fcf,4.6.114.62,(302)230-3971x50834,52,Beckermouth,Dominican Republic,Peterson and Sons,SMS Activate,0,Ten wait already such best some.,tablet,ios_14,2023-10-11 03:13:08+00:00,2023-10-11 03:23:08+00:00,2023-10-11 03:15:08+00:00,2023-10-11 03:18:08+00:00,One effort very evidence site high.,29.7
198,2de6bb9e-eebd-4bfe-a119-f1ace664add4,71123161-7e65-481c-a05f-166250607fcf,14.31.181.198,+1-584-501-9329x4804,17,North Dan,Dominican Republic,Becker Inc,SMS Activate,1,,tablet,ios_14,2024-04-11 06:07:10+00:00,2024-04-11 06:15:10+00:00,2024-04-11 06:14:10+00:00,2024-04-11 06:16:10+00:00,,49.78
199,2de6bb9e-eebd-4bfe-a119-f1ace664add4,71123161-7e65-481c-a05f-166250607fcf,159.83.143.19,001-591-228-5317x575,16,Dylanton,Slovenia,"Robinson, Woodard and Todd",SMS Activate,1,,mobile,windows_10,2023-11-29 15:52:06+00:00,2023-11-29 15:57:06+00:00,2023-11-29 16:01:06+00:00,2023-11-29 16:01:06+00:00,,30.75
200,2de6bb9e-eebd-4bfe-a119-f1ace664add4,71123161-7e65-481c-a05f-166250607fcf,14.255.157.82,3576289938,74,Lake Dawn,Croatia,"Hall, Black and Hughes",SMS Activate,0,Health within common across development both work.,mobile,android_10,2024-02-05 17:48:04+00:00,2024-02-05 17:54:04+00:00,2024-02-05 17:56:04+00:00,2024-02-05 17:49:04+00:00,Plan a bar response sense.,68.84
201,2de6bb9e-eebd-4bfe-a119-f1ace664add4,71123161-7e65-481c-a05f-166250607fcf,219.241.83.218,001-243-687-7003,51,Carlosborough,Cote d'Ivoire,Page Ltd,SMS Activate,0,Firm top their.,tablet,windows_10,2023-09-02 11:43:42+00:00,2023-09-02 11:53:42+00:00,2023-09-02 11:53:42+00:00,2023-09-02 11:44:42+00:00,Hair strategy phone race analysis.,27.94
